{
  "summary": {
    "sil_rag": {
      "mean": -0.14395178705453873,
      "std": 0.06638575630148616,
      "ci_lo": -0.22041802145540715,
      "ci_hi": -0.06662183925509453
    },
    "sil_gnn": {
      "mean": -0.23676967322826387,
      "std": 0.06474369839701077,
      "ci_lo": -0.3044437117874622,
      "ci_hi": -0.14427759125828743
    },
    "nmi_rag": {
      "mean": 0.24417293865326523,
      "std": 0.03227104706085394,
      "ci_lo": 0.21101311269495474,
      "ci_hi": 0.2975488340564767
    },
    "nmi_gnn": {
      "mean": 0.24200437246229334,
      "std": 0.031886369989335424,
      "ci_lo": 0.20602036990888634,
      "ci_hi": 0.2862846127609004
    },
    "ari_rag": {
      "mean": 0.08260596088476317,
      "std": 0.029063963994714385,
      "ci_lo": 0.047076675341864584,
      "ci_hi": 0.12824348967678478
    },
    "ari_gnn": {
      "mean": 0.0611958867752341,
      "std": 0.01742205769121149,
      "ci_lo": 0.04143702082733689,
      "ci_hi": 0.08585720744682936
    },
    "lp_auroc_rag": {
      "mean": 0.8223099999999999,
      "std": 0.06249695403763032,
      "ci_lo": 0.7491647857142857,
      "ci_hi": 0.897747918367347
    },
    "lp_auroc_gnn": {
      "mean": 0.7736088571428571,
      "std": 0.09466968509244945,
      "ci_lo": 0.6028405612244898,
      "ci_hi": 0.8775259795918368
    },
    "lp_auprc": {
      "mean": 0.45334572774503945,
      "std": 0.11502870742004476,
      "ci_lo": 0.3278126826635223,
      "ci_hi": 0.5989527932240344
    },
    "ret_map": {
      "mean": 0.24229551451187334,
      "std": 0.0677698771319204,
      "ci_lo": 0.17770448548812665,
      "ci_hi": 0.338311345646438
    },
    "tgt_auroc": {
      "mean": 0.4926214689265537,
      "std": 0.10138791136192815,
      "ci_lo": 0.3689322033898305,
      "ci_hi": 0.6583389830508476
    },
    "temp_auroc": {
      "mean": 0.45,
      "std": 0.08822670013824585,
      "ci_lo": 0.3013888888888889,
      "ci_hi": 0.5444444444444444
    },
    "nc_auroc": {
      "mean": 0.6113533669700567,
      "std": 0.03700703833231298,
      "ci_lo": 0.5600349846656114,
      "ci_hi": 0.6789124043661786
    },
    "gate_mean": {
      "mean": 0.5931876301765442,
      "std": 0.01661638915538788,
      "ci_lo": 0.5676433444023132,
      "ci_hi": 0.611757218837738
    }
  },
  "info_decomp": {
    "topo": {
      "mean": 0.0014723644123588986,
      "std": 0.006912618677477498,
      "ci_lo": 0.0,
      "ci_hi": 0.01758299934235358
    },
    "ret": {
      "mean": 0.06185939480332596,
      "std": 0.03506837104202567,
      "ci_lo": 0.0,
      "ci_hi": 0.12715644522172279
    },
    "shared": {
      "mean": 0.9561142364774247,
      "std": 0.024661979036977495,
      "ci_lo": 0.9054046796825095,
      "ci_hi": 0.9949114906257646
    },
    "synergy": {
      "mean": 0.004130279642466009,
      "std": 0.009798507239012263,
      "ci_lo": 0.0,
      "ci_hi": 0.03568474149288574
    },
    "total": {
      "mean": 0.47693636817239704,
      "std": 0.020824055686019076,
      "ci_lo": 0.4377370201557289,
      "ci_hi": 0.5175466182618127
    }
  },
  "counterfactual": {
    "proper": {
      "mean": -0.10321007668972015,
      "std": 0.0
    },
    "random": {
      "mean": -0.12480828613042831,
      "std": 0.003917221143136929
    },
    "shuffled": {
      "mean": -0.10321007668972015,
      "std": 0.0
    },
    "adversarial": {
      "mean": -0.15263086557388306,
      "std": 0.0
    },
    "zeros": {
      "mean": -0.1543382853269577,
      "std": 0.0
    }
  },
  "baselines": {
    "Spectral": {
      "sil": {
        "mean": -0.08466092031798153,
        "std": 0.0
      },
      "nmi": {
        "mean": 0.2751224520731065,
        "std": 0.011066188433388944
      },
      "ari": {
        "mean": 0.05646599573156179,
        "std": 0.0070121564015844925
      },
      "lp_auroc": {
        "mean": 0.9771150612244897,
        "std": 0.00210574028687499
      }
    },
    "DeepWalk": {
      "sil": {
        "mean": -0.06617789848002514,
        "std": 3.976793316569929e-05
      },
      "nmi": {
        "mean": 0.2728793780895364,
        "std": 0.008504288692331299
      },
      "ari": {
        "mean": 0.060034977852207794,
        "std": 0.005046629261138638
      },
      "lp_auroc": {
        "mean": 0.9488302040816328,
        "std": 0.0024450806241599005
      }
    },
    "Node2Vec": {
      "sil": {
        "mean": -0.06152858851541517,
        "std": 6.563845284397537e-05
      },
      "nmi": {
        "mean": 0.2650184048867784,
        "std": 0.018229025247304718
      },
      "ari": {
        "mean": 0.053566208348771946,
        "std": 0.011030702345044404
      },
      "lp_auroc": {
        "mean": 0.9503430612244899,
        "std": 0.002634624183779158
      }
    },
    "LINE": {
      "sil": {
        "mean": -0.1966500293925581,
        "std": 1.764018602158149e-06
      },
      "nmi": {
        "mean": 0.17670011250276071,
        "std": 0.012618975016712972
      },
      "ari": {
        "mean": 0.02896689804599682,
        "std": 0.006070025582146208
      },
      "lp_auroc": {
        "mean": 0.95660706122449,
        "std": 0.0029452393712173872
      }
    },
    "GCN": {
      "sil": {
        "mean": -0.09374006382260183,
        "std": 0.00890154543927492
      },
      "nmi": {
        "mean": 0.2783181891419414,
        "std": 0.010168216813094941
      },
      "ari": {
        "mean": 0.06585858433354083,
        "std": 0.00759768447654429
      },
      "lp_auroc": {
        "mean": 0.9617435102040817,
        "std": 0.006102471101340043
      }
    },
    "GraphSAGE": {
      "sil": {
        "mean": -0.01930512995609151,
        "std": 0.0016920544974378534
      },
      "nmi": {
        "mean": 0.10523430327262753,
        "std": 0.007911210586279693
      },
      "ari": {
        "mean": 0.0030758025615397256,
        "std": 0.0023307111809849554
      },
      "lp_auroc": {
        "mean": 0.5556787959183673,
        "std": 0.01970511077041653
      }
    },
    "GAT": {
      "sil": {
        "mean": -0.06272655716786071,
        "std": 0.005982306318978227
      },
      "nmi": {
        "mean": 0.19604372460918398,
        "std": 0.020124342709398675
      },
      "ari": {
        "mean": 0.03604222844134867,
        "std": 0.008980671904579199
      },
      "lp_auroc": {
        "mean": 0.8060982040816327,
        "std": 0.013023876369005294
      }
    },
    "Raw Features": {
      "sil": {
        "mean": -0.22523216419295541,
        "std": 0.0
      },
      "nmi": {
        "mean": 0.13614659985782337,
        "std": 0.006678959164707853
      },
      "ari": {
        "mean": 0.01888144472338879,
        "std": 0.002901767509648562
      },
      "lp_auroc": {
        "mean": 0.567368857142857,
        "std": 0.014162177108169088
      }
    }
  },
  "config": {
    "seeds": 10,
    "phases": "80+100+80",
    "hidden": 128,
    "doc_dim": 64,
    "layers": 3,
    "k": 10,
    "n_nodes": 379,
    "n_edges": 3498,
    "n_docs": 1895,
    "n_classes": 14,
    "total_time": 88.16277408599854
  }
}