{
  "summary": {
    "sil_rag": {
      "mean": -0.1404686875641346,
      "std": 0.0662059634912652,
      "ci_lo": -0.22204878255724908,
      "ci_hi": -0.0570332370698452
    },
    "sil_gnn": {
      "mean": -0.23730080872774123,
      "std": 0.064356983585037,
      "ci_lo": -0.3050668865442276,
      "ci_hi": -0.1459359485656023
    },
    "nmi_rag": {
      "mean": 0.24607628886931637,
      "std": 0.0320085145821341,
      "ci_lo": 0.21158137237054492,
      "ci_hi": 0.2974976161985997
    },
    "nmi_gnn": {
      "mean": 0.2376747202457493,
      "std": 0.027439819579244188,
      "ci_lo": 0.20166230303595323,
      "ci_hi": 0.27089784975948317
    },
    "ari_rag": {
      "mean": 0.0848353317707701,
      "std": 0.025020252100290657,
      "ci_lo": 0.05629441815953467,
      "ci_hi": 0.11984320758351444
    },
    "ari_gnn": {
      "mean": 0.060049364710870204,
      "std": 0.013574974745105859,
      "ci_lo": 0.044043586887310505,
      "ci_hi": 0.07951288828801846
    },
    "lp_auroc_rag": {
      "mean": 0.8205244489795918,
      "std": 0.06253524964945534,
      "ci_lo": 0.7508567602040815,
      "ci_hi": 0.9057387244897959
    },
    "lp_auroc_gnn": {
      "mean": 0.7796441428571429,
      "std": 0.0852719913803448,
      "ci_lo": 0.6494136530612244,
      "ci_hi": 0.8795472142857143
    },
    "lp_auprc": {
      "mean": 0.44974764336547146,
      "std": 0.11034391553454811,
      "ci_lo": 0.3247554576248535,
      "ci_hi": 0.6180209654323501
    },
    "ret_map": {
      "mean": 0.2456728232189974,
      "std": 0.07312339666710023,
      "ci_lo": 0.17447229551451188,
      "ci_hi": 0.35699868073878627
    },
    "tgt_auroc": {
      "mean": 0.49325423728813567,
      "std": 0.11047041099231159,
      "ci_lo": 0.34342937853107347,
      "ci_hi": 0.661590395480226
    },
    "temp_auroc": {
      "mean": 0.4322222222222223,
      "std": 0.11508987363076595,
      "ci_lo": 0.2594444444444444,
      "ci_hi": 0.6219444444444444
    },
    "nc_auroc": {
      "mean": 0.613563926263026,
      "std": 0.031124463506548353,
      "ci_lo": 0.5573332756232687,
      "ci_hi": 0.6575222719628018
    },
    "gate_mean": {
      "mean": 0.5928798317909241,
      "std": 0.019122794270515442,
      "ci_lo": 0.5624422430992126,
      "ci_hi": 0.6189279556274414
    }
  },
  "info_decomp": {
    "topo": {
      "mean": 0.45358021062772197,
      "std": 0.030237049037023532,
      "ci_lo": 0.3966702355757082,
      "ci_hi": 0.5121116668578883
    },
    "ret": {
      "mean": 0.7959537595129794,
      "std": 0.03038895808846521,
      "ci_lo": 0.7406760496216245,
      "ci_hi": 0.8517389559957342
    },
    "shared": {
      "mean": 0.5491675959326516,
      "std": 0.02393627340783241,
      "ci_lo": 0.50799968473383,
      "ci_hi": 0.5949207549807312
    },
    "synergy": {
      "mean": 0.0,
      "std": 0.0,
      "ci_lo": 0.0,
      "ci_hi": 0.0
    },
    "total": {
      "mean": 0.44890665193434953,
      "std": 0.020779106952005758,
      "ci_lo": 0.40953046410493193,
      "ci_hi": 0.4925758514029379
    }
  },
  "counterfactual": {
    "proper": {
      "mean": -0.08030185103416443,
      "std": 0.0
    },
    "random": {
      "mean": -0.08030185103416443,
      "std": 0.0
    },
    "shuffled": {
      "mean": -0.08030185103416443,
      "std": 0.0
    },
    "adversarial": {
      "mean": -0.15882064402103424,
      "std": 0.0
    },
    "zeros": {
      "mean": -0.1482265591621399,
      "std": 0.0
    }
  },
  "baselines": {
    "Spectral": {
      "sil": {
        "mean": -0.08466092031798153,
        "std": 0.0
      },
      "nmi": {
        "mean": 0.2751224520731065,
        "std": 0.011066188433388944
      },
      "ari": {
        "mean": 0.05646599573156179,
        "std": 0.0070121564015844925
      },
      "lp_auroc": {
        "mean": 0.9771150612244897,
        "std": 0.00210574028687499
      }
    },
    "DeepWalk": {
      "sil": {
        "mean": -0.06617789848002514,
        "std": 3.976793316569929e-05
      },
      "nmi": {
        "mean": 0.2728793780895364,
        "std": 0.008504288692331299
      },
      "ari": {
        "mean": 0.060034977852207794,
        "std": 0.005046629261138638
      },
      "lp_auroc": {
        "mean": 0.9488302040816328,
        "std": 0.0024450806241599005
      }
    },
    "Node2Vec": {
      "sil": {
        "mean": -0.06152858851541517,
        "std": 6.563845284397537e-05
      },
      "nmi": {
        "mean": 0.2650184048867784,
        "std": 0.018229025247304718
      },
      "ari": {
        "mean": 0.053566208348771946,
        "std": 0.011030702345044404
      },
      "lp_auroc": {
        "mean": 0.9503430612244899,
        "std": 0.002634624183779158
      }
    },
    "LINE": {
      "sil": {
        "mean": -0.1966500293925581,
        "std": 1.764018602158149e-06
      },
      "nmi": {
        "mean": 0.17670011250276071,
        "std": 0.012618975016712972
      },
      "ari": {
        "mean": 0.02896689804599682,
        "std": 0.006070025582146208
      },
      "lp_auroc": {
        "mean": 0.95660706122449,
        "std": 0.0029452393712173872
      }
    },
    "GCN": {
      "sil": {
        "mean": -0.09374006382260183,
        "std": 0.00890154543927492
      },
      "nmi": {
        "mean": 0.2783181891419414,
        "std": 0.010168216813094941
      },
      "ari": {
        "mean": 0.06585858433354083,
        "std": 0.00759768447654429
      },
      "lp_auroc": {
        "mean": 0.9617435102040817,
        "std": 0.006102471101340043
      }
    },
    "GraphSAGE": {
      "sil": {
        "mean": -0.01930512995609151,
        "std": 0.0016920544974378534
      },
      "nmi": {
        "mean": 0.10523430327262753,
        "std": 0.007911210586279693
      },
      "ari": {
        "mean": 0.0030758025615397256,
        "std": 0.0023307111809849554
      },
      "lp_auroc": {
        "mean": 0.5556787959183673,
        "std": 0.01970511077041653
      }
    },
    "GAT": {
      "sil": {
        "mean": -0.06272655716786071,
        "std": 0.005982306318978227
      },
      "nmi": {
        "mean": 0.19604372460918398,
        "std": 0.020124342709398675
      },
      "ari": {
        "mean": 0.03604222844134867,
        "std": 0.008980671904579199
      },
      "lp_auroc": {
        "mean": 0.8060982040816327,
        "std": 0.013023876369005294
      }
    },
    "Raw Features": {
      "sil": {
        "mean": -0.22523216419295541,
        "std": 0.0
      },
      "nmi": {
        "mean": 0.13614659985782337,
        "std": 0.006678959164707853
      },
      "ari": {
        "mean": 0.01888144472338879,
        "std": 0.002901767509648562
      },
      "lp_auroc": {
        "mean": 0.567368857142857,
        "std": 0.014162177108169088
      }
    }
  },
  "config": {
    "seeds": 10,
    "phases": "80+100+80",
    "hidden": 128,
    "doc_dim": 64,
    "layers": 3,
    "k": 10,
    "n_nodes": 379,
    "n_edges": 2323,
    "n_docs": 1895,
    "n_classes": 14,
    "total_time": 88.116131067276
  }
}